                  epoch,         train/box_loss,         train/cls_loss,         train/dfl_loss,   metrics/precision(B),      metrics/recall(B),       metrics/mAP50(B),    metrics/mAP50-95(B),           val/box_loss,           val/cls_loss,           val/dfl_loss,                 lr/pg0,                 lr/pg1,                 lr/pg2
                      1,                 3.0972,                 4.1566,                 3.9472,                0.00223,                0.69459,                0.00776,                0.00119,                 3.0174,                 4.5697,                 3.7596,             0.00054698,             0.00054698,             0.00054698
                      2,                 2.6621,                 3.3911,                  3.296,                0.00285,                0.85469,                 0.0258,                0.00426,                 3.4062,                 4.1401,                 3.5127,             0.00088433,             0.00088433,             0.00088433
                      3,                 2.4449,                 2.9984,                 3.0025,                0.36185,                0.61207,                0.37718,                0.14056,                 2.0798,                 2.6701,                 2.4181,              0.0010016,              0.0010016,              0.0010016
                      4,                 2.2762,                 2.5962,                 2.8011,                0.39497,                0.58491,                 0.4326,                0.18997,                 1.6483,                 2.7275,                   2.13,              0.0006768,              0.0006768,              0.0006768
                      5,                 2.0677,                 2.3739,                 2.6407,                0.46278,                0.72368,                 0.4895,                0.26562,                 1.5648,                 2.2362,                 1.9545,              0.0006768,              0.0006768,              0.0006768
